Enter your post content,Recommended Tags,Recommended Related Posts,timestamp
"cwfwfwdwf
","machine-learning, NLP","ðŸ”¹ **How to Perform Text Classification**
This article explains the workflow and model options for text classification.

ðŸ”¹ **Basics of Recommendation Systems**
An introduction to collaborative filtering and content-based recommendations.",2025-06-30 21:43:09.313787
"cwfwfwdwf
","machine-learning, NLP","ðŸ”¹ **How to Perform Text Classification**
This article explains the workflow and model options for text classification.

ðŸ”¹ **Basics of Recommendation Systems**
An introduction to collaborative filtering and content-based recommendations.",2025-06-30 21:43:10.958057
